<!DOCTYPE suite SYSTEM "https://testng.org/testng-1.0.dtd">
<suite name="Canvendor Website Suite">
    <test name="Test Top Navigation Buttons">
        <classes>
            <class name="testCases.Click_Top__Navigation_Button" />
            <!-- Add other test classes here -->
        </classes>
    </test>
    <test name="Test Top All Services ">
     <classes>
            <class name="testCases.Click_All_Service_Options" />
            <!-- Add other test classes here -->
        </classes>
    
    </test>
    
    <test name="Test Top All Industries">
    <classes>
    <class name="testCases.Click_All_Industries_Options"></class>
    </classes>
    </test>
    
    <test name="Test Careers Page">
    <classes>
    <class name="testCases.Click_Careers_Page_Input"></class>
    </classes>
 
    </test>
    <test name="Test contact Input Details">
    
    <parameter name="name" value="Demouser"></parameter>
   <parameter name="email" value="demo@gmail.com"></parameter>
   <parameter name="subject" value="Testtodemo"></parameter>
   <parameter name="message" value="Kindly ignore this"></parameter>
   
    <classes>
    <class name="testCases.Contact_Page_InputDetails"></class>	
    
    </classes>
    
    
    </test>
    
    
   
  
</suite>
